-- phpMyAdmin SQL Dump
-- version 5.0.2
-- https://www.phpmyadmin.net/
--
-- Host: 127.0.0.1
-- Generation Time: Sep 06, 2020 at 04:42 PM
-- Server version: 10.4.13-MariaDB
-- PHP Version: 7.4.8

SET SQL_MODE = "NO_AUTO_VALUE_ON_ZERO";
START TRANSACTION;
SET time_zone = "+00:00";


/*!40101 SET @OLD_CHARACTER_SET_CLIENT=@@CHARACTER_SET_CLIENT */;
/*!40101 SET @OLD_CHARACTER_SET_RESULTS=@@CHARACTER_SET_RESULTS */;
/*!40101 SET @OLD_COLLATION_CONNECTION=@@COLLATION_CONNECTION */;
/*!40101 SET NAMES utf8mb4 */;

--
-- Database: `caffe-shop`
--

-- --------------------------------------------------------

--
-- Table structure for table `category`
--

CREATE TABLE `category` (
  `category_id` int(11) NOT NULL,
  `category_name` varchar(150) NOT NULL,
  `category_created_at` timestamp NOT NULL DEFAULT current_timestamp(),
  `category_updated_at` timestamp NOT NULL DEFAULT current_timestamp(),
  `category_status` int(1) NOT NULL
) ENGINE=InnoDB DEFAULT CHARSET=utf8mb4;

--
-- Dumping data for table `category`
--

INSERT INTO `category` (`category_id`, `category_name`, `category_created_at`, `category_updated_at`, `category_status`) VALUES
(1, 'coffee', '2020-08-13 08:14:00', '2020-08-13 08:14:00', 1),
(2, 'cakes', '2020-08-14 23:22:44', '2020-08-14 23:22:44', 1),
(3, 'foods', '2020-08-14 23:34:48', '2020-08-14 23:34:48', 1),
(4, 'drinks', '2020-08-14 23:37:08', '2020-08-14 23:37:08', 1);

-- --------------------------------------------------------

--
-- Table structure for table `history`
--

CREATE TABLE `history` (
  `history_id` int(11) NOT NULL,
  `history_invoice` int(6) NOT NULL,
  `history_subtotal` int(11) NOT NULL,
  `history_created_at` timestamp NOT NULL DEFAULT current_timestamp(),
  `history_updated_at` timestamp NOT NULL DEFAULT current_timestamp()
) ENGINE=InnoDB DEFAULT CHARSET=utf8mb4;

--
-- Dumping data for table `history`
--

INSERT INTO `history` (`history_id`, `history_invoice`, `history_subtotal`, `history_created_at`, `history_updated_at`) VALUES
(6, 953623, 0, '2020-08-17 08:32:50', '2020-08-17 08:32:50'),
(7, 619110, 0, '2020-08-17 08:33:53', '2020-08-17 08:33:53'),
(8, 555166, 0, '2020-08-17 08:34:54', '2020-08-17 08:34:54'),
(9, 239340, 0, '2020-08-17 08:36:14', '2020-08-17 08:36:14'),
(10, 613504, 0, '2020-08-17 08:39:23', '2020-08-17 08:39:23'),
(11, 464694, 0, '2020-08-17 08:40:45', '2020-08-17 08:40:45'),
(12, 282496, 0, '2020-08-17 08:45:14', '2020-08-17 08:45:14'),
(13, 101232, 0, '2020-08-17 08:45:44', '2020-08-17 08:45:44'),
(14, 999652, 0, '2020-08-17 08:46:03', '2020-08-17 08:46:03'),
(15, 304597, 0, '2020-08-17 08:47:31', '2020-08-17 08:47:31'),
(16, 751917, 0, '2020-08-17 08:48:39', '2020-08-17 08:48:39'),
(17, 986852, 0, '2020-08-17 08:48:46', '2020-08-17 08:48:46'),
(18, 491866, 0, '2020-08-17 08:54:11', '2020-08-17 08:54:11'),
(19, 794642, 0, '2020-08-17 08:58:19', '2020-08-17 08:58:19'),
(20, 303094, 0, '2020-08-17 09:14:49', '2020-08-17 09:14:49'),
(21, 635764, 0, '2020-08-17 09:16:01', '2020-08-17 09:16:01'),
(22, 661046, 0, '2020-08-17 09:16:29', '2020-08-17 09:16:29'),
(23, 538033, 0, '2020-08-17 09:18:11', '2020-08-17 09:18:11'),
(24, 317497, 0, '2020-08-17 09:18:26', '2020-08-17 09:18:26'),
(25, 258341, 0, '2020-08-17 09:18:52', '2020-08-17 09:18:52'),
(26, 367225, 0, '2020-08-17 09:19:19', '2020-08-17 09:19:19'),
(27, 695998, 0, '2020-08-17 09:19:55', '2020-08-17 09:19:55'),
(28, 648351, 0, '2020-08-17 09:21:11', '2020-08-17 09:21:11'),
(29, 376812, 0, '2020-08-17 09:22:23', '2020-08-17 09:22:23'),
(30, 253289, 0, '2020-08-17 09:22:36', '2020-08-17 09:22:36'),
(31, 341457, 0, '2020-08-17 09:25:19', '2020-08-17 09:25:19'),
(32, 168705, 0, '2020-08-17 09:25:36', '2020-08-17 09:25:36'),
(33, 819199, 0, '2020-08-17 09:26:12', '2020-08-17 09:26:12'),
(34, 773695, 0, '2020-08-17 09:30:58', '2020-08-17 09:30:58'),
(35, 600972, 0, '2020-08-17 09:31:18', '2020-08-17 09:31:18'),
(36, 605069, 0, '2020-08-17 09:33:09', '2020-08-17 09:33:09'),
(37, 179507, 0, '2020-08-17 09:33:36', '2020-08-17 09:33:36'),
(38, 949278, 0, '2020-08-17 09:35:12', '2020-08-17 09:35:12'),
(39, 245588, 0, '2020-08-17 09:35:35', '2020-08-17 09:35:35'),
(40, 371070, 0, '2020-08-17 09:37:19', '2020-08-17 09:37:19'),
(41, 353997, 0, '2020-08-17 09:37:34', '2020-08-17 09:37:34'),
(42, 631923, 0, '2020-08-17 09:37:45', '2020-08-17 09:37:45'),
(43, 689445, 0, '2020-08-17 09:38:06', '2020-08-17 09:38:06'),
(44, 452991, 0, '2020-08-17 09:38:46', '2020-08-17 09:38:46'),
(45, 349063, 0, '2020-08-17 09:40:25', '2020-08-17 09:40:25'),
(46, 604408, 0, '2020-08-17 09:40:43', '2020-08-17 09:40:43'),
(47, 373675, 0, '2020-08-17 13:56:44', '2020-08-17 13:56:44'),
(48, 852382, 0, '2020-08-17 13:57:17', '2020-08-17 13:57:17'),
(49, 578199, 66000, '2020-08-17 13:58:27', '2020-08-17 13:58:27'),
(50, 478566, 66000, '2020-08-17 13:59:53', '2020-08-17 13:59:53'),
(51, 134172, 260700, '2020-08-17 14:11:34', '2020-08-17 14:11:34'),
(52, 413813, 0, '2020-08-17 14:13:01', '2020-08-17 14:13:01'),
(53, 209392, 260700, '2020-08-17 14:14:32', '2020-08-17 14:14:32'),
(54, 372746, 260700, '2020-08-17 14:15:02', '2020-08-17 14:15:03'),
(55, 696848, 260700, '2020-08-17 14:15:47', '2020-08-17 14:15:47'),
(56, 626919, 260700, '2020-08-17 14:44:42', '2020-08-17 14:44:42'),
(57, 956067, 0, '2020-08-17 22:17:06', '2020-08-17 22:17:06'),
(58, 898527, 0, '2020-08-17 22:18:38', '2020-08-17 22:18:38'),
(59, 895073, 0, '2020-08-17 22:19:28', '2020-08-17 22:19:28'),
(60, 557775, 0, '2020-08-17 22:20:35', '2020-08-17 22:20:35'),
(61, 373545, 0, '2020-08-17 22:21:10', '2020-08-17 22:21:10'),
(62, 464867, 0, '2020-08-17 22:33:19', '2020-08-17 22:33:19'),
(63, 967906, 0, '2020-08-17 22:36:14', '2020-08-17 22:36:14'),
(64, 279760, 0, '2020-08-17 22:37:52', '2020-08-17 22:37:52'),
(65, 733158, 0, '2020-08-17 22:38:12', '2020-08-17 22:38:12'),
(66, 811606, 0, '2020-08-17 22:39:18', '2020-08-17 22:39:18'),
(67, 662777, 0, '2020-08-17 22:39:44', '2020-08-17 22:39:44'),
(68, 972629, 0, '2020-08-17 22:43:15', '2020-08-17 22:43:15'),
(69, 849517, 0, '2020-08-17 22:45:52', '2020-08-17 22:45:52'),
(70, 827542, 260700, '2020-08-17 22:47:28', '2020-08-17 22:47:28'),
(71, 978633, 260700, '2020-08-17 22:52:46', '2020-08-17 22:52:46'),
(72, 715472, 260700, '2020-08-17 22:53:48', '2020-08-17 22:53:48'),
(73, 863363, 260700, '2020-08-17 22:56:16', '2020-08-17 22:56:16'),
(74, 852279, 260700, '2020-08-17 23:07:02', '2020-08-17 23:07:02'),
(75, 707688, 260700, '2020-08-17 23:09:03', '2020-08-17 23:09:03'),
(76, 826432, 132000, '2020-08-17 23:11:15', '2020-08-17 23:11:15'),
(77, 813266, 132000, '2020-08-17 23:15:34', '2020-08-17 23:15:34'),
(78, 575189, 148500, '2020-08-17 23:18:32', '2020-08-17 23:18:32'),
(79, 724757, 148500, '2020-08-17 23:20:10', '2020-08-17 23:20:10'),
(80, 689566, 374000, '2020-08-17 23:24:40', '2020-08-17 23:24:40'),
(81, 714254, 0, '2020-08-17 23:26:58', '2020-08-17 23:26:58'),
(82, 469455, 198000, '2020-08-17 23:27:29', '2020-08-17 23:27:29'),
(83, 137498, 198000, '2020-08-17 23:28:36', '2020-08-17 23:28:36'),
(84, 518291, 198000, '2020-08-17 23:30:20', '2020-08-17 23:30:20'),
(85, 707532, 198000, '2020-08-17 23:31:33', '2020-08-17 23:31:33'),
(86, 307138, 198000, '2020-08-17 23:45:27', '2020-08-17 23:45:27'),
(87, 251285, 198000, '2020-08-17 23:49:25', '2020-08-17 23:49:25'),
(88, 296676, 198000, '2020-08-17 23:50:38', '2020-08-17 23:50:38'),
(89, 654820, 198000, '2020-08-18 00:02:38', '2020-08-18 00:02:39'),
(90, 433215, 198000, '2020-08-18 00:03:33', '2020-08-18 00:03:33'),
(91, 345934, 198000, '2020-08-18 00:18:15', '2020-08-18 00:18:15'),
(92, 257034, 0, '2020-08-18 01:03:53', '2020-08-18 01:03:53'),
(93, 373496, 0, '2020-08-18 01:04:29', '2020-08-18 01:04:29'),
(94, 791192, 0, '2020-08-18 01:05:06', '2020-08-18 01:05:06'),
(95, 232210, 0, '2020-08-18 01:05:37', '2020-08-18 01:05:37'),
(96, 459698, 0, '2020-08-18 01:06:00', '2020-08-18 01:06:00'),
(97, 427411, 0, '2020-08-18 01:07:00', '2020-08-18 01:07:00'),
(98, 916532, 198000, '2020-08-18 01:07:28', '2020-08-18 01:07:28'),
(99, 516417, 198000, '2020-08-18 01:08:43', '2020-08-18 01:08:43'),
(100, 539946, 99000, '2020-08-18 01:20:15', '2020-08-18 01:20:15'),
(101, 977672, 99000, '2020-08-18 01:22:07', '2020-08-18 01:22:07'),
(102, 585080, 99000, '2020-08-18 03:01:30', '2020-08-18 03:01:30'),
(103, 277698, 99000, '2020-08-18 03:08:05', '2020-08-18 03:08:05'),
(104, 148340, 0, '2020-08-18 03:08:18', '2020-08-18 03:08:18'),
(105, 897261, 99000, '2020-08-18 06:53:28', '2020-08-18 06:53:29'),
(106, 184563, 99000, '2020-08-18 07:26:55', '2020-08-18 07:26:55'),
(107, 768375, 99000, '2020-08-18 07:47:51', '2020-08-18 07:47:51'),
(108, 768340, 99000, '2020-08-27 02:28:22', '2020-08-27 02:28:22'),
(109, 307796, 99000, '2020-08-28 00:46:47', '2020-08-28 00:46:47'),
(110, 533554, 0, '2020-08-28 01:09:22', '2020-08-28 01:09:22'),
(111, 761102, 0, '2020-08-28 01:10:51', '2020-08-28 01:10:51'),
(112, 758169, 0, '2020-08-28 01:11:56', '2020-08-28 01:11:56'),
(113, 899350, 0, '2020-08-28 01:19:38', '2020-08-28 01:19:38'),
(114, 768226, 0, '2020-08-28 01:20:58', '2020-08-28 01:20:58'),
(115, 961665, 0, '2020-08-28 01:22:22', '2020-08-28 01:22:22'),
(116, 432331, 0, '2020-08-28 01:28:00', '2020-08-28 01:28:00'),
(117, 235529, 0, '2020-08-28 01:28:41', '2020-08-28 01:28:41'),
(118, 362896, 0, '2020-08-28 01:29:12', '2020-08-28 01:29:12'),
(119, 253054, 0, '2020-08-28 01:37:05', '2020-08-28 01:37:05'),
(120, 946597, 0, '2020-08-28 01:51:33', '2020-08-28 01:51:33'),
(121, 289698, 0, '2020-08-28 01:52:44', '2020-08-28 01:52:44'),
(122, 931917, 99000, '2020-08-28 01:53:49', '2020-08-28 01:53:49'),
(123, 665113, 0, '2020-08-28 01:54:10', '2020-08-28 01:54:10'),
(124, 392545, 99000, '2020-08-28 01:54:22', '2020-08-28 01:54:22'),
(125, 408185, 0, '2020-08-28 01:57:28', '2020-08-28 01:57:28'),
(126, 841218, 0, '2020-08-28 01:58:01', '2020-08-28 01:58:01'),
(127, 218395, 0, '2020-08-28 01:59:47', '2020-08-28 01:59:47'),
(128, 648350, 0, '2020-08-28 02:00:55', '2020-08-28 02:00:55'),
(129, 381140, 0, '2020-08-28 02:02:02', '2020-08-28 02:02:03'),
(130, 178483, 0, '2020-08-28 02:02:29', '2020-08-28 02:02:29'),
(131, 129890, 0, '2020-08-28 02:05:10', '2020-08-28 02:05:10'),
(132, 744853, 0, '2020-08-28 02:11:27', '2020-08-28 02:11:27'),
(133, 327541, 0, '2020-08-28 02:18:42', '2020-08-28 02:18:42'),
(134, 857158, 33000, '2020-08-28 02:28:10', '2020-08-28 02:28:10'),
(135, 427864, 33000, '2020-08-28 02:51:04', '2020-08-28 02:51:04'),
(136, 837926, 119900, '2020-08-28 12:32:07', '2020-08-28 12:32:07'),
(137, 168188, 192500, '2020-08-28 13:58:48', '2020-08-28 13:58:48'),
(138, 190133, 33000, '2020-08-28 15:17:34', '2020-08-28 15:17:34'),
(139, 243361, 33000, '2020-08-28 15:38:18', '2020-08-28 15:38:18'),
(140, 716599, 22000, '2020-08-28 15:54:38', '2020-08-28 15:54:38'),
(141, 795690, 22000, '2020-08-28 15:58:06', '2020-08-28 15:58:06'),
(142, 429989, 22000, '2020-08-28 16:07:04', '2020-08-28 16:07:04'),
(143, 721296, 33000, '2020-08-28 16:10:41', '2020-08-28 16:10:41'),
(144, 675296, 185900, '2020-08-28 16:13:32', '2020-08-28 16:13:32'),
(145, 267212, 15400, '2020-08-28 16:16:54', '2020-08-28 16:16:54'),
(146, 160070, 27500, '2020-08-28 16:20:54', '2020-08-28 16:20:54'),
(147, 319886, 0, '2020-08-29 03:08:15', '2020-08-29 03:08:15'),
(148, 635965, 66000, '2020-08-29 06:43:07', '2020-08-29 06:43:07'),
(149, 263852, 143000, '2020-08-29 09:16:31', '2020-08-29 09:16:31'),
(150, 848067, 149600, '2020-08-29 09:19:07', '2020-08-29 09:19:07'),
(151, 465308, 33000, '2020-08-30 03:21:33', '2020-08-30 03:21:33'),
(152, 970583, 149600, '2020-08-30 03:40:43', '2020-08-30 03:40:43'),
(153, 849876, 116600, '2020-08-30 07:06:13', '2020-08-30 07:06:13'),
(154, 711911, 67100, '2020-08-30 14:10:48', '2020-08-30 14:10:48'),
(155, 125793, 22000, '2020-08-30 22:15:14', '2020-08-30 22:15:14'),
(156, 352436, 44000, '2020-08-30 23:03:14', '2020-08-30 23:03:14'),
(157, 272298, 33000, '2020-08-31 03:16:16', '2020-08-31 03:16:16'),
(158, 818956, 22000, '2020-08-31 07:05:32', '2020-08-31 07:05:32'),
(159, 288136, 0, '2020-09-05 06:04:36', '2020-09-05 06:04:36'),
(160, 953277, 231000, '2020-09-05 06:05:45', '2020-09-05 06:05:45'),
(161, 899813, 0, '2020-09-05 06:27:47', '2020-09-05 06:27:47'),
(162, 701171, 462000, '2020-09-05 06:28:10', '2020-09-05 06:28:10'),
(163, 874593, 0, '2020-09-05 08:01:23', '2020-09-05 08:01:23');

-- --------------------------------------------------------

--
-- Table structure for table `orders`
--

CREATE TABLE `orders` (
  `order_id` int(11) NOT NULL,
  `history_id` int(11) NOT NULL,
  `product_id` int(11) NOT NULL,
  `order_qty` int(11) NOT NULL,
  `order_total_price` int(15) NOT NULL
) ENGINE=InnoDB DEFAULT CHARSET=utf8mb4;

--
-- Dumping data for table `orders`
--

INSERT INTO `orders` (`order_id`, `history_id`, `product_id`, `order_qty`, `order_total_price`) VALUES
(1, 1, 1, 2, 10000),
(2, 1, 2, 4, 40000),
(3, 2, 1, 1, 20000),
(4, 2, 1, 1, 20000),
(5, 1, 2, 4, 40000),
(6, 22, 1, 3, 10000),
(7, 22, 2, 2, 5000),
(8, 49, 1, 3, 30000),
(9, 49, 2, 2, 30000),
(10, 50, 1, 3, 30000),
(11, 50, 2, 2, 30000),
(12, 51, 4, 3, 99000),
(13, 51, 9, 2, 138000),
(14, 52, 4, 3, 99000),
(15, 52, 9, 2, 138000),
(16, 53, 4, 3, 99000),
(17, 53, 9, 2, 138000),
(18, 54, 4, 3, 99000),
(19, 54, 9, 2, 138000),
(20, 55, 4, 3, 99000),
(21, 55, 9, 2, 138000),
(22, 56, 4, 3, 99000),
(23, 56, 9, 2, 138000),
(24, 57, 4, 3, 99000),
(25, 57, 9, 2, 138000),
(26, 58, 4, 3, 99000),
(27, 58, 9, 2, 138000),
(28, 59, 4, 3, 99000),
(29, 59, 9, 2, 138000),
(30, 60, 4, 3, 99000),
(31, 60, 9, 2, 138000),
(32, 61, 4, 3, 99000),
(33, 61, 9, 2, 138000),
(34, 65, 4, 3, 99000),
(35, 65, 9, 2, 138000),
(36, 66, 4, 3, 99000),
(37, 66, 9, 2, 138000),
(38, 68, 4, 3, 99000),
(39, 68, 9, 2, 138000),
(40, 69, 4, 3, 99000),
(41, 69, 9, 2, 138000),
(42, 70, 4, 3, 99000),
(43, 70, 9, 2, 138000),
(44, 71, 4, 3, 99000),
(45, 71, 9, 2, 138000),
(46, 72, 4, 3, 99000),
(47, 72, 9, 2, 138000),
(48, 73, 4, 3, 99000),
(49, 73, 9, 2, 138000),
(50, 74, 4, 3, 99000),
(51, 74, 9, 2, 138000),
(52, 75, 4, 3, 99000),
(53, 75, 9, 2, 138000),
(54, 76, 2, 4, 60000),
(55, 76, 2, 4, 60000),
(56, 77, 2, 4, 60000),
(57, 77, 2, 4, 60000),
(58, 78, 2, 5, 75000),
(59, 78, 2, 4, 60000),
(60, 79, 2, 5, 75000),
(61, 79, 2, 4, 60000),
(62, 80, 8, 5, 300000),
(63, 80, 1, 4, 40000),
(64, 81, 8, 2, 120000),
(65, 81, 2, 4, 60000),
(66, 82, 8, 2, 120000),
(67, 82, 2, 4, 60000),
(68, 83, 8, 2, 120000),
(69, 83, 2, 4, 60000),
(70, 84, 8, 2, 120000),
(71, 84, 2, 4, 60000),
(72, 85, 8, 2, 120000),
(73, 85, 2, 4, 60000),
(74, 86, 8, 2, 120000),
(75, 86, 2, 4, 60000),
(76, 87, 8, 2, 120000),
(77, 87, 2, 4, 60000),
(78, 88, 8, 2, 120000),
(79, 88, 2, 4, 60000),
(80, 89, 8, 2, 120000),
(81, 89, 2, 4, 60000),
(82, 90, 8, 2, 120000),
(83, 90, 2, 4, 60000),
(84, 91, 8, 2, 120000),
(85, 91, 2, 4, 60000),
(86, 92, 8, 2, 120000),
(87, 92, 2, 4, 60000),
(88, 93, 8, 2, 120000),
(89, 93, 2, 4, 60000),
(90, 94, 8, 2, 120000),
(91, 94, 2, 4, 60000),
(92, 95, 8, 2, 120000),
(93, 95, 2, 4, 60000),
(94, 96, 8, 2, 120000),
(95, 96, 2, 4, 60000),
(96, 97, 8, 2, 120000),
(97, 97, 2, 4, 60000),
(98, 98, 8, 2, 120000),
(99, 98, 2, 4, 60000),
(100, 99, 8, 2, 120000),
(101, 99, 2, 4, 60000),
(102, 100, 2, 2, 30000),
(103, 100, 2, 4, 60000),
(104, 101, 2, 2, 30000),
(105, 101, 2, 4, 60000),
(106, 102, 2, 2, 30000),
(107, 102, 2, 4, 60000),
(108, 103, 2, 2, 30000),
(109, 103, 2, 4, 60000),
(110, 105, 2, 2, 30000),
(111, 105, 2, 4, 60000),
(112, 106, 2, 2, 30000),
(113, 106, 2, 4, 60000),
(114, 107, 2, 2, 30000),
(115, 107, 2, 4, 60000),
(116, 108, 2, 2, 30000),
(117, 108, 2, 4, 60000),
(118, 109, 2, 2, 30000),
(119, 109, 2, 4, 60000),
(120, 122, 2, 2, 30000),
(121, 122, 2, 4, 60000),
(122, 124, 2, 2, 30000),
(123, 124, 2, 4, 60000),
(124, 134, 1, 1, 10000),
(125, 134, 2, 1, 15000),
(126, 134, 3, 1, 5000),
(127, 135, 2, 1, 15000),
(128, 135, 3, 3, 15000),
(129, 136, 1, 4, 40000),
(130, 136, 9, 1, 69000),
(131, 137, 40, 3, 60000),
(132, 137, 1, 2, 20000),
(133, 137, 3, 3, 15000),
(134, 137, 40, 3, 60000),
(135, 137, 1, 2, 20000),
(136, 138, 1, 1, 10000),
(137, 138, 2, 1, 15000),
(138, 138, 3, 1, 5000),
(139, 139, 1, 1, 10000),
(140, 139, 2, 1, 15000),
(141, 139, 3, 1, 5000),
(142, 140, 2, 1, 15000),
(143, 140, 3, 1, 5000),
(144, 141, 3, 1, 5000),
(145, 141, 2, 1, 15000),
(146, 142, 3, 1, 5000),
(147, 142, 2, 1, 15000),
(148, 143, 1, 1, 10000),
(149, 143, 2, 1, 15000),
(150, 143, 3, 1, 5000),
(151, 144, 42, 1, 100000),
(152, 144, 9, 1, 69000),
(153, 145, 12, 1, 4000),
(154, 145, 3, 1, 5000),
(155, 145, 13, 1, 5000),
(156, 146, 1, 1, 10000),
(157, 146, 2, 1, 15000),
(158, 148, 3, 2, 10000),
(159, 148, 2, 2, 30000),
(160, 148, 1, 2, 20000),
(161, 149, 3, 1, 5000),
(162, 149, 2, 1, 15000),
(163, 149, 1, 1, 10000),
(164, 149, 42, 1, 100000),
(165, 150, 42, 1, 100000),
(166, 150, 14, 1, 25000),
(167, 150, 16, 1, 11000),
(168, 151, 1, 1, 10000),
(169, 151, 2, 1, 15000),
(170, 151, 3, 1, 5000),
(171, 152, 42, 1, 100000),
(172, 152, 16, 1, 11000),
(173, 152, 14, 1, 25000),
(174, 153, 2, 1, 15000),
(175, 153, 5, 1, 28000),
(176, 153, 6, 1, 30000),
(177, 153, 4, 1, 33000),
(178, 154, 4, 1, 33000),
(179, 154, 5, 1, 28000),
(180, 155, 2, 1, 15000),
(181, 155, 3, 1, 5000),
(182, 156, 1, 1, 10000),
(183, 156, 2, 2, 30000),
(184, 157, 1, 1, 10000),
(185, 157, 2, 1, 15000),
(186, 157, 3, 1, 5000),
(187, 158, 3, 3, 15000),
(188, 158, 13, 1, 5000),
(189, 160, 2, 10, 150000),
(190, 160, 2, 4, 60000),
(191, 162, 1, 10, 300000),
(192, 162, 1, 4, 120000);

-- --------------------------------------------------------

--
-- Table structure for table `product`
--

CREATE TABLE `product` (
  `product_id` int(11) NOT NULL,
  `category_id` int(11) NOT NULL,
  `product_name` varchar(150) NOT NULL,
  `product_price` int(15) NOT NULL,
  `product_image` varchar(200) NOT NULL,
  `product_created_at` timestamp NOT NULL DEFAULT current_timestamp(),
  `product_updated_at` timestamp NOT NULL DEFAULT current_timestamp(),
  `product_status` int(1) NOT NULL
) ENGINE=InnoDB DEFAULT CHARSET=utf8mb4;

--
-- Dumping data for table `product`
--

INSERT INTO `product` (`product_id`, `category_id`, `product_name`, `product_price`, `product_image`, `product_created_at`, `product_updated_at`, `product_status`) VALUES
(1, 1, 'espresso', 30000, '2020-09-04T07-02-31.069Z-salmon.jpg', '2020-08-13 03:46:51', '2020-09-04 07:02:31', 1),
(2, 1, 'Coffe Latte', 15000, '\'../../assets/img-product/coffelatte.jpg\'', '2020-08-13 14:05:02', '2020-08-25 13:42:46', 1),
(3, 1, 'Cappucino', 5000, '#', '2020-08-14 08:33:40', '2020-08-27 06:52:15', 1),
(4, 1, 'Red Velvet Latte', 33000, '#', '2020-08-14 08:34:08', '2020-08-27 06:52:27', 1),
(5, 2, 'Choco Rhum', 28000, '#', '2020-08-15 07:06:36', '2020-08-27 06:52:37', 1),
(6, 2, 'Black Forest', 30000, '#', '2020-08-15 07:09:32', '2020-08-27 06:52:43', 1),
(7, 3, 'Chicken Katsu', 60000, '#', '2020-08-15 07:09:32', '2020-08-27 06:52:51', 1),
(8, 3, 'Salmon Truffle', 60000, '#', '2020-08-15 07:09:32', '2020-08-27 06:52:57', 1),
(9, 3, 'Wiener Schnitzel', 69000, '#', '2020-08-15 07:09:32', '2020-08-27 06:53:04', 1),
(10, 1, 'White Coffee', 7000, '#', '2020-08-16 08:59:07', '2020-08-27 06:53:32', 1),
(12, 1, 'Green Coffee', 4000, '#', '2020-08-17 04:20:13', '2020-08-27 06:53:42', 1),
(13, 1, 'Mochacino', 5000, '#', '2020-08-17 04:33:59', '2020-08-27 06:53:58', 1),
(14, 3, 'Martabak', 25000, '#', '2020-08-17 04:34:25', '2020-08-27 06:54:36', 1),
(16, 4, 'Melon Squash', 11000, '#', '2020-08-21 08:36:37', '2020-08-27 06:55:11', 1),
(42, 4, 'Burger King', 100000, '#', '2020-08-28 14:23:32', '2020-08-28 14:23:44', 1);

-- --------------------------------------------------------

--
-- Table structure for table `user`
--

CREATE TABLE `user` (
  `user_id` int(11) NOT NULL,
  `user_email` varchar(150) NOT NULL,
  `user_password` varchar(255) NOT NULL,
  `user_name` varchar(100) NOT NULL,
  `user_role` int(1) NOT NULL,
  `user_status` int(1) NOT NULL,
  `user_created_at` timestamp NOT NULL DEFAULT current_timestamp(),
  `user_updated_at` timestamp NOT NULL DEFAULT current_timestamp()
) ENGINE=InnoDB DEFAULT CHARSET=utf8mb4;

--
-- Dumping data for table `user`
--

INSERT INTO `user` (`user_id`, `user_email`, `user_password`, `user_name`, `user_role`, `user_status`, `user_created_at`, `user_updated_at`) VALUES
(1, 'ardhikarn@gmail.com', '$2b$10$dWzyymmb1XFy/FKLGmMpt.UnBivtPp0FPJyYltIN..FRxviaD.04G', 'Ardhika Ryzha', 1, 1, '2020-09-01 04:05:58', '2020-09-01 04:05:58'),
(2, 'adminkhusus@caffeshop.com', '$2b$10$N7fmUilLGAGjaodiBd/MruB7ekN5K41q3jNneswz04f6Mvb.R0N3O', 'adminkhusus', 1, 1, '2020-09-02 01:22:17', '2020-09-06 05:02:59'),
(3, 'cashier1@caffeshop.com', '$2b$10$IuP7vfUUSl6ejKseQAKZju3VXISyO0dRcqbVyDb06mpEqkKAB6WVW', 'Cashier#1', 2, 1, '2020-09-02 01:27:34', '2020-09-06 05:04:54'),
(4, 'admin2@caffeshop.com', '$2b$10$mCf7/3OAPmlyMaqzvQl9Y.qzTsus07n2.5hpFXBJN22kpCQ2zhEfe', 'admin', 2, 0, '2020-09-02 02:06:39', '2020-09-02 02:06:39'),
(5, 'admin3@caffeshop.com', '$2b$10$OJlQfYgRGhgruzCy7wD4wOD37rVsae0Vy9M.Ue7BVzE.QCu85Y7qK', 'admin', 2, 0, '2020-09-02 02:07:29', '2020-09-02 02:07:29'),
(6, 'admin4@caffeshop.com', '$2b$10$IuixREfL5QYE98RJrs8mFOQWwhh4PB.vcdHuB4QVs7ALz0DRPgt7C', 'admin', 2, 0, '2020-09-02 02:19:24', '2020-09-02 02:19:24'),
(7, 'admin5@caffeshop.com', '$2b$10$AJ/6jNSlFPIaU1/ffC1uuuzHiyD7b9drsDAUuWarZucHvYeEyB0tu', 'admin', 2, 0, '2020-09-02 06:15:42', '2020-09-02 06:15:42'),
(8, 'admin6@caffeshop.com', '$2b$10$2TjpO6xey5pSL2fxdIj.Ue9cAvtM3DXYdfwKiN.KHqsNqrx/6oodO', 'admin', 2, 0, '2020-09-02 06:16:47', '2020-09-02 06:16:47'),
(9, 'admin7@caffeshop.com', '$2b$10$WethvZRTG9oFJZXwwd0XFeTewQGmjXRY/Uj/U2igIDW3aVJTB0s4q', 'admin', 2, 0, '2020-09-02 06:21:38', '2020-09-02 06:21:38'),
(10, 'admin8@caffeshop.com', '$2b$10$024HpJ8K8K.R39vZ8xTfMuHrCRuQ0lEanZa/kAZWCj2Dljq13Ao0.', 'admin', 2, 0, '2020-09-02 06:21:54', '2020-09-02 06:21:54'),
(11, 'admin9@caffeshop.com', '$2b$10$OqRUsgWwnIYTRiJI0ceE0uUqa1gwL5KmuvIPX9yd6RJe5G0Y46Xdy', 'admin', 2, 0, '2020-09-02 07:39:16', '2020-09-02 07:39:16'),
(12, 'admincaffeshop@gmail.com', '$2b$10$3wxrXLNEHBXMRz8CTh5zY.KxxUcCpzP5S3lBTJKXlI7TUrYmQI856', 'admin caffeshop', 1, 0, '2020-09-05 13:12:27', '2020-09-05 13:12:27'),
(13, 'cashier10@caffeshop.com', '$2b$10$QS6xVENOIIt8/N8R2yN0ZOdTwTtA7KrJ9kwIU83e3xr4XW/D4Icxm', 'Cashier#10', 2, 0, '2020-09-06 07:52:33', '2020-09-06 07:52:33'),
(14, 'admin11@caffeshop.com', '$2b$10$efkLTEs5uMJTBffq1.tU8OeBDzCAzw4j9eo1UsEroHcKyrdYwJpoW', 'admin11', 2, 0, '2020-09-06 07:53:21', '2020-09-06 07:53:21');

--
-- Indexes for dumped tables
--

--
-- Indexes for table `category`
--
ALTER TABLE `category`
  ADD PRIMARY KEY (`category_id`);

--
-- Indexes for table `history`
--
ALTER TABLE `history`
  ADD PRIMARY KEY (`history_id`);

--
-- Indexes for table `orders`
--
ALTER TABLE `orders`
  ADD PRIMARY KEY (`order_id`);

--
-- Indexes for table `product`
--
ALTER TABLE `product`
  ADD PRIMARY KEY (`product_id`);

--
-- Indexes for table `user`
--
ALTER TABLE `user`
  ADD PRIMARY KEY (`user_id`);

--
-- AUTO_INCREMENT for dumped tables
--

--
-- AUTO_INCREMENT for table `category`
--
ALTER TABLE `category`
  MODIFY `category_id` int(11) NOT NULL AUTO_INCREMENT, AUTO_INCREMENT=10;

--
-- AUTO_INCREMENT for table `history`
--
ALTER TABLE `history`
  MODIFY `history_id` int(11) NOT NULL AUTO_INCREMENT, AUTO_INCREMENT=164;

--
-- AUTO_INCREMENT for table `orders`
--
ALTER TABLE `orders`
  MODIFY `order_id` int(11) NOT NULL AUTO_INCREMENT, AUTO_INCREMENT=193;

--
-- AUTO_INCREMENT for table `product`
--
ALTER TABLE `product`
  MODIFY `product_id` int(11) NOT NULL AUTO_INCREMENT, AUTO_INCREMENT=48;

--
-- AUTO_INCREMENT for table `user`
--
ALTER TABLE `user`
  MODIFY `user_id` int(11) NOT NULL AUTO_INCREMENT, AUTO_INCREMENT=15;
COMMIT;

/*!40101 SET CHARACTER_SET_CLIENT=@OLD_CHARACTER_SET_CLIENT */;
/*!40101 SET CHARACTER_SET_RESULTS=@OLD_CHARACTER_SET_RESULTS */;
/*!40101 SET COLLATION_CONNECTION=@OLD_COLLATION_CONNECTION */;
